Méthode,Accuracy,F1-macro
Baseline,0.826,0.5473527536455033
Class weights,0.8243333333333334,0.6443282016552735
